city,lat,lng,country,iso2,state,capital,population,population_proper
Thursday Island,-10.5789,142.22,Australia,AU,Queensland,,2610,2610
Bamaga,-10.8833,142.3833,Australia,AU,Queensland,,1164,1164
Maningrida,-12.05,134.217,Australia,AU,Northern Territory,,2308,2308
Nhulunbuy,-12.1825,136.7819,Australia,AU,Northern Territory,,3240,3240
Darwin,-12.4381,130.8411,Australia,AU,Northern Territory,admin,136828,136828
Howard Springs,-12.4922,131.053,Australia,AU,Northern Territory,,5132,5132
McMinns Lagoon,-12.5329,131.05,Australia,AU,Northern Territory,,5025,5025
Weipa,-12.6167,141.8667,Australia,AU,Queensland,,3899,3899
Jabiru,-12.6667,132.8333,Australia,AU,Northern Territory,,1081,1081
Port Keats,-14.2333,129.517,Australia,AU,Northern Territory,,2280,2280
Katherine,-14.4667,132.2667,Australia,AU,Northern Territory,,1488,1488
Cooktown,-15.469,145.2515,Australia,AU,Queensland,,2631,2631
Kununurra,-15.7736,128.7386,Australia,AU,Western Australia,,5308,5308
Mossman,-16.4603,145.3733,Australia,AU,Queensland,,1937,1937
Port Douglas,-16.4834,145.4652,Australia,AU,Queensland,,3504,3504
Julatten,-16.6069,145.343,Australia,AU,Queensland,,1091,1091
Kuranda,-16.8197,145.6369,Australia,AU,Queensland,,3008,3008
Smithfield Heights,-16.8314,145.691,Australia,AU,Queensland,,5303,5303
Freshwater,-16.8833,145.717,Australia,AU,Queensland,,2023,2023
Yarrabah Aboriginal Community,-16.9094,145.8703,Australia,AU,Queensland,,2559,2559
Cairns,-16.9303,145.7703,Australia,AU,Queensland,,152729,146778
Mareeba,-16.9833,145.4167,Australia,AU,Queensland,,11079,11079
Gordonvale,-17.0936,145.7866,Australia,AU,Queensland,,6671,6671
Dimbulah,-17.1489,145.111,Australia,AU,Queensland,,1050,1050
Tolga,-17.223,145.4788,Australia,AU,Queensland,,2718,2718
Atherton,-17.2658,145.478,Australia,AU,Queensland,,7331,7331
Yungaburra,-17.2711,145.5831,Australia,AU,Queensland,,1106,1106
Derby,-17.3056,123.6339,Australia,AU,Western Australia,,3325,3325
Babinda,-17.345,145.925,Australia,AU,Queensland,,1253,1253
Malanda,-17.355,145.5958,Australia,AU,Queensland,,1985,1985
Innisfail,-17.5236,146.0292,Australia,AU,Queensland,,7236,1145
Ravenshoe,-17.6058,145.483,Australia,AU,Queensland,,1400,1400
Normanton,-17.6667,141.0667,Australia,AU,Queensland,,1210,1210
Wongaling Beach,-17.9145,146.0972,Australia,AU,Queensland,,1245,1245
Tully,-17.9333,145.9333,Australia,AU,Queensland,,2390,2390
Doomadgee,-17.9443,138.83,Australia,AU,Queensland,,1405,1405
Broome,-17.9619,122.2361,Australia,AU,Western Australia,,14445,4042
Fitzroy Crossing,-18.1944,125.5667,Australia,AU,Western Australia,,1297,1297
Halls Creek,-18.23,127.67,Australia,AU,Western Australia,,1546,1499
Cardwell,-18.2642,146.0258,Australia,AU,Queensland,,1309,1309
Ingham,-18.65,146.1667,Australia,AU,Queensland,,4357,4357
Palm Island,-18.7345,146.5794,Australia,AU,Queensland,,2455,2455
Nelly Bay,-19.1583,146.8486,Australia,AU,Queensland,,1196,1196
Bluewater,-19.1744,146.5503,Australia,AU,Queensland,,1040,1040
Mount Low,-19.2247,146.6808,Australia,AU,Queensland,,4655,4655
Townsville,-19.2564,146.8183,Australia,AU,Queensland,,180820,178649
Jensen,-19.2572,146.641,Australia,AU,Queensland,,1476,1476
Bohle Plains,-19.3136,146.6919,Australia,AU,Queensland,,3205,3205
Alice River,-19.3486,146.6183,Australia,AU,Queensland,,2143,2143
Rasmussen,-19.3497,146.716,Australia,AU,Queensland,,4456,4456
Nome,-19.3594,146.9508,Australia,AU,Queensland,,1016,1016
Alligator Creek,-19.4239,146.946,Australia,AU,Queensland,,1353,1353
Brandon,-19.5541,147.3547,Australia,AU,Queensland,,1094,1094
Ayr,-19.5744,147.4066,Australia,AU,Queensland,,8738,8738
Home Hill,-19.6611,147.4139,Australia,AU,Queensland,,3027,2954
Bowen,-20.0167,148.2333,Australia,AU,Queensland,,10377,10377
Charters Towers,-20.1,146.2667,Australia,AU,Queensland,,8120,8120
Airlie Beach,-20.2744,148.715,Australia,AU,Queensland,,1208,1208
Cannonvale,-20.2863,148.6866,Australia,AU,Queensland,,5716,5716
Port Hedland,-20.31,118.6011,Australia,AU,Western Australia,,14320,4180
Hamilton Island,-20.35,148.95,Australia,AU,Queensland,,1208,1208
Proserpine,-20.4017,148.5814,Australia,AU,Queensland,,3562,3562
Collinsville,-20.5526,147.8452,Australia,AU,Queensland,,1248,1248
Dampier,-20.66,116.71,Australia,AU,Western Australia,,1104,1104
Wickham,-20.675,117.1403,Australia,AU,Western Australia,,2295,2295
Cloncurry,-20.7,140.5,Australia,AU,Queensland,,2719,2719
Mount Isa,-20.7333,139.5,Australia,AU,Queensland,,18588,118
Karratha,-20.7364,116.8464,Australia,AU,Western Australia,,16708,16708
Hughenden,-20.8438,144.1986,Australia,AU,Queensland,,1136,1136
Bucasia,-21.0311,149.1597,Australia,AU,Queensland,,4771,4771
Andergrove,-21.0931,149.186,Australia,AU,Queensland,,9419,9419
Glenella,-21.1197,149.1542,Australia,AU,Queensland,,4519,4519
North Mackay,-21.1216,149.1783,Australia,AU,Queensland,,5933,5933
Mackay,-21.1411,149.1861,Australia,AU,Queensland,,80148,3659
Marian,-21.1453,148.9431,Australia,AU,Queensland,,3903,3903
Walkerston,-21.1608,149.0591,Australia,AU,Queensland,,3403,3403
Mirani,-21.1667,148.8667,Australia,AU,Queensland,,1541,1541
Hay Point,-21.3027,149.2636,Australia,AU,Queensland,,1348,1348
Glenden,-21.3539,148.1144,Australia,AU,Queensland,,1308,620
Sarina,-21.4225,149.2175,Australia,AU,Queensland,,5522,5522
Nullagine,-21.888,120.107,Australia,AU,Western Australia,,1701,1701
Exmouth,-21.9331,114.1281,Australia,AU,Western Australia,,2486,2486
Moranbah,-22.0016,148.0533,Australia,AU,Queensland,,8735,8735
Dysart,-22.5855,148.3508,Australia,AU,Queensland,,2991,2991
Tom Price,-22.6939,117.795,Australia,AU,Western Australia,,3005,3005
Middlemount,-22.8167,148.7,Australia,AU,Queensland,,1914,1841
Clermont,-22.823,147.6383,Australia,AU,Queensland,,3031,3031
Tieri,-23.035,148.3483,Australia,AU,Queensland,,1129,1129
Capella,-23.0667,148.0167,Australia,AU,Queensland,,1010,1010
Yeppoon,-23.1333,150.7333,Australia,AU,Queensland,,19003,6334
Mulambin,-23.1978,150.7885,Australia,AU,Queensland,,1042,921
Paraburdoo,-23.201,117.671,Australia,AU,Western Australia,,1380,1380
Emu Park,-23.2569,150.8264,Australia,AU,Queensland,,2021,2021
Alton Downs,-23.3158,150.3644,Australia,AU,Queensland,,1278,1278
Newman,-23.3539,119.7319,Australia,AU,Western Australia,,4567,4567
Rockhampton,-23.375,150.5117,Australia,AU,Queensland,,78592,78592
Gracemere,-23.4333,150.45,Australia,AU,Queensland,,11315,11315
Longreach,-23.4422,144.2491,Australia,AU,Queensland,,2970,2970
Blackwater,-23.4667,148.7667,Australia,AU,Queensland,,4749,4749
Emerald,-23.5167,148.15,Australia,AU,Queensland,,14119,14119
Barcaldine,-23.5555,145.2888,Australia,AU,Queensland,,1422,1422
Bouldercombe,-23.5767,150.4671,Australia,AU,Queensland,,1085,1085
Mount Morgan,-23.65,150.3833,Australia,AU,Queensland,,1963,1963
Alice Springs,-23.7,133.8667,Australia,AU,Northern Territory,,23726,23726
Gladstone,-23.8489,151.2625,Australia,AU,Queensland,,33418,33418
Parsons Point,-23.8492,151.2733,Australia,AU,Queensland,,1093,1093
Tannum Sands,-23.9474,151.3675,Australia,AU,Queensland,,5145,5145
Boyne Island,-23.9477,151.355,Australia,AU,Queensland,,4760,4760
Calliope,-24.0061,151.1988,Australia,AU,Queensland,,3438,3438
Springsure,-24.1161,148.0886,Australia,AU,Queensland,,1103,1103
Agnes Water,-24.2125,151.9032,Australia,AU,Queensland,,2210,2210
Biloela,-24.4002,150.5133,Australia,AU,Queensland,,5758,5758
Blackall,-24.4167,145.4667,Australia,AU,Queensland,,1416,1416
Moura,-24.5667,150.0167,Australia,AU,Queensland,,1899,1786
Moore Park,-24.7108,152.2388,Australia,AU,Queensland,,2650,2650
Burnett Heads,-24.7667,152.4,Australia,AU,Queensland,,2656,2656
Bargara,-24.8205,152.4625,Australia,AU,Queensland,,7485,7485
Gooburrum,-24.8222,152.3216,Australia,AU,Queensland,,1442,1442
Bundaberg,-24.85,152.35,Australia,AU,Queensland,,70921,70540
Bucca,-24.8625,152.1008,Australia,AU,Queensland,,1027,1027
Innes Park,-24.8661,152.4804,Australia,AU,Queensland,,2302,2302
Monto,-24.8667,151.1167,Australia,AU,Queensland,,1189,1189
Carnarvon,-24.8672,113.6611,Australia,AU,Western Australia,,4426,4426
Sharon,-24.8761,152.2458,Australia,AU,Queensland,,1316,1316
Elliott Heads,-24.9119,152.4902,Australia,AU,Queensland,,1040,1040
Gin Gin,-24.9908,151.9558,Australia,AU,Queensland,,1053,1053
Burrum Heads,-25.1841,152.6138,Australia,AU,Queensland,,2067,2067
Childers,-25.2363,152.2775,Australia,AU,Queensland,,1584,1584
Yulara,-25.2406,130.9889,Australia,AU,Northern Territory,,1099,1099
Toogoom,-25.2459,152.671,Australia,AU,Queensland,,2178,2178
Point Vernon,-25.2538,152.8177,Australia,AU,Queensland,,5699,5699
Craignish,-25.283,152.7288,Australia,AU,Queensland,,1827,1827
Scarness,-25.2833,152.85,Australia,AU,Queensland,,3519,3519
Hervey Bay,-25.2853,152.8728,Australia,AU,Queensland,,54674,54674
Urraween,-25.2955,152.8219,Australia,AU,Queensland,,6969,6969
Howard,-25.3167,152.567,Australia,AU,Queensland,,1359,1359
Booral,-25.3539,152.8897,Australia,AU,Queensland,,1449,1449
River Heads,-25.4133,152.9136,Australia,AU,Queensland,,1539,1539
Aldershot,-25.4625,152.661,Australia,AU,Queensland,,1152,1152
Oakhurst,-25.5125,152.6263,Australia,AU,Queensland,,1444,1444
Maryborough,-25.5375,152.7019,Australia,AU,Queensland,,27282,15406
Mundubbera,-25.5881,151.2991,Australia,AU,Queensland,,1261,1261
Gayndah,-25.6244,151.608,Australia,AU,Queensland,,1981,1981
Rainbow Beach,-25.9075,153.0888,Australia,AU,Queensland,,1249,1249
Tin Can Bay,-25.9167,153.0,Australia,AU,Queensland,,2242,2242
Cooloola Cove,-25.9805,152.9944,Australia,AU,Queensland,,2633,2633
Curra,-26.0708,152.5894,Australia,AU,Queensland,,1920,1920
Gympie,-26.19,152.6655,Australia,AU,Queensland,,21599,10803
The Palms,-26.1902,152.5861,Australia,AU,Queensland,,1010,1010
Murgon,-26.2333,151.95,Australia,AU,Queensland,,2378,2378
Cherbourg,-26.2833,151.95,Australia,AU,Queensland,,1128,1128
Wondai,-26.3183,151.8736,Australia,AU,Queensland,,1973,1973
Cooran,-26.3353,152.8236,Australia,AU,Queensland,,1457,1457
Pomona,-26.3625,152.8564,Australia,AU,Queensland,,2910,2910
Charleville,-26.4016,146.2383,Australia,AU,Queensland,,3335,3335
Cooroy,-26.4166,152.9119,Australia,AU,Queensland,,3791,3791
Peregian Beach,-26.481,153.096,Australia,AU,Queensland,,3791,3791
Eumundi,-26.4833,152.95,Australia,AU,Queensland,,1924,1924
Mitchell,-26.4861,147.9752,Australia,AU,Queensland,,1031,1031
Kingaroy,-26.5333,151.8333,Australia,AU,Queensland,,10398,10020
Yandina,-26.55,152.95,Australia,AU,Queensland,,2221,2221
Yaroomba,-26.55,153.1,Australia,AU,Queensland,,1623,1623
Roma,-26.5733,148.7869,Australia,AU,Queensland,,6848,6848
Marcoola,-26.5833,153.083,Australia,AU,Queensland,,3173,3173
Bli Bli,-26.618,153.037,Australia,AU,Queensland,,7801,7801
Mapleton,-26.6247,152.8666,Australia,AU,Queensland,,1564,1564
Nambour,-26.6269,152.9592,Australia,AU,Queensland,,11187,11187
Miles,-26.6583,150.187,Australia,AU,Queensland,,1746,1746
Nanango,-26.6667,152.0,Australia,AU,Queensland,,3599,3599
Woombye,-26.6667,152.967,Australia,AU,Queensland,,3246,3246
Palmwoods,-26.6883,152.9597,Australia,AU,Queensland,,5676,5676
Witta,-26.6975,152.8119,Australia,AU,Queensland,,1201,1201
Eudlo,-26.7333,152.967,Australia,AU,Queensland,,1117,1117
Chinchilla,-26.7397,150.625,Australia,AU,Queensland,,6612,6612
Maleny,-26.758,152.8513,Australia,AU,Queensland,,3441,3441
Mooloolah,-26.7625,152.9633,Australia,AU,Queensland,,3321,3321
Glenview,-26.7667,153.0167,Australia,AU,Queensland,,1187,1187
Jandowae,-26.7775,151.1108,Australia,AU,Queensland,,1246,1047
Caloundra,-26.7986,153.1289,Australia,AU,Queensland,,41293,41293
Landsborough,-26.8091,152.9655,Australia,AU,Queensland,,3812,3812
Yarraman,-26.8411,151.9841,Australia,AU,Queensland,,1064,1064
Beerwah,-26.8556,152.96,Australia,AU,Queensland,,6769,6769
Glass House Mountains,-26.9,152.9167,Australia,AU,Queensland,,3576,3576
Woodford,-26.9408,152.7669,Australia,AU,Queensland,,3458,3458
Kilcoy,-26.9431,152.5639,Australia,AU,Queensland,,1898,1898
Ningi,-27.0667,153.0833,Australia,AU,Queensland,,4675,4675
Caboolture,-27.0667,152.967,Australia,AU,Queensland,,26433,26433
Woorim,-27.0677,153.2033,Australia,AU,Queensland,,1829,1829
Sandstone Point,-27.0736,153.1233,Australia,AU,Queensland,,3959,3959
Bongaree,-27.0814,153.1633,Australia,AU,Queensland,,6947,6947
Toogoolawah,-27.0852,152.3758,Australia,AU,Queensland,,1279,1279
Beachmere,-27.1294,153.0538,Australia,AU,Queensland,,4112,4112
Burpengary,-27.1442,153.0,Australia,AU,Queensland,,6433,6433
Dalby,-27.1833,151.2667,Australia,AU,Queensland,,12719,12719
Dayboro,-27.1962,152.8243,Australia,AU,Queensland,,1940,1940
Narangba,-27.2015,152.9655,Australia,AU,Queensland,,18573,18573
Esk,-27.2394,152.4197,Australia,AU,Queensland,,1698,1698
Crows Nest,-27.2658,152.058,Australia,AU,Queensland,,2160,2160
Tara,-27.2766,150.4572,Australia,AU,Queensland,,2297,2297
Goombungee,-27.3167,151.7,Australia,AU,Queensland,,1032,1026
Samford,-27.3667,152.8833,Australia,AU,Queensland,,10931,796
Coominya,-27.3919,152.5022,Australia,AU,Queensland,,1200,1200
Meringandan,-27.4166,151.8922,Australia,AU,Queensland,,2211,487
Kleinton,-27.4167,151.95,Australia,AU,Queensland,,1617,1617
Oxford Park,-27.419,153.0255,Australia,AU,Queensland,,4231,4231
Cabarlah,-27.4333,152.0,Australia,AU,Queensland,,1075,1075
Oakey,-27.4338,151.7211,Australia,AU,Queensland,,4705,4705
Fernvale,-27.45,152.65,Australia,AU,Queensland,,3209,3209
Highfields,-27.4581,151.9492,Australia,AU,Queensland,,8131,8131
Lowood,-27.4667,152.5833,Australia,AU,Queensland,,3336,3336
Brisbane,-27.4678,153.0281,Australia,AU,Queensland,admin,2514184,2360241
Corinda,-27.4833,153.1,Australia,AU,Queensland,,11019,11019
Gowrie Junction,-27.5061,151.8816,Australia,AU,Queensland,,2120,2120
Pine Mountain,-27.5333,152.717,Australia,AU,Queensland,,1667,1667
Mount Crosby,-27.54,152.804,Australia,AU,Queensland,,1832,1832
Minden,-27.55,152.5333,Australia,AU,Queensland,,1093,1093
Karana Downs,-27.55,152.817,Australia,AU,Queensland,,3862,3862
Helidon,-27.5506,152.1256,Australia,AU,Queensland,,1059,1059
Withcott,-27.5536,152.0238,Australia,AU,Queensland,,1844,1844
Gatton,-27.5611,152.2755,Australia,AU,Queensland,,7101,7101
Toowoomba,-27.5667,151.95,Australia,AU,Queensland,,136861,135631
Hatton Vale,-27.5667,152.483,Australia,AU,Queensland,,1521,1521
Plainland,-27.5816,152.4163,Australia,AU,Queensland,,1596,1596
Rochedale,-27.5952,153.1233,Australia,AU,Queensland,,15317,15317
Drayton,-27.6,151.906,Australia,AU,Queensland,,1710,1710
Redbank,-27.6,152.867,Australia,AU,Queensland,,1834,1834
Walloon,-27.6,152.6667,Australia,AU,Queensland,,1548,1548
Westbrook,-27.6,151.8333,Australia,AU,Queensland,,3885,3885
Riverview,-27.6,152.85,Australia,AU,Queensland,,3073,3073
Ipswich,-27.6167,152.7667,Australia,AU,Queensland,,163000,163000
Mount Cotton,-27.6188,153.221,Australia,AU,Queensland,,6835,6835
Laidley,-27.6313,152.3938,Australia,AU,Queensland,,3808,3808
Rosewood,-27.6333,152.583,Australia,AU,Queensland,,2834,2834
One Mile,-27.6333,152.733,Australia,AU,Queensland,,2077,2077
Wyreema,-27.65,151.867,Australia,AU,Queensland,,1834,1834
Waterford,-27.6833,153.133,Australia,AU,Queensland,,6431,6431
Cambooya,-27.7077,151.8633,Australia,AU,Queensland,,1584,1584
Kalbarri,-27.71,114.16,Australia,AU,Western Australia,,1349,1349
Ripley,-27.7167,152.8333,Australia,AU,Queensland,,1405,1405
Pittsworth,-27.7167,151.6333,Australia,AU,Queensland,,3294,3294
Park Ridge,-27.7271,153.0332,Australia,AU,Queensland,,1762,1762
Logan Village,-27.7667,153.1,Australia,AU,Queensland,,3586,3586
Jacobs Well,-27.7858,153.3614,Australia,AU,Queensland,,1839,1839
Jimboomba,-27.8333,153.0333,Australia,AU,Queensland,,13201,13201
Cedar Grove,-27.86,152.9742,Australia,AU,Queensland,,2020,2020
Millmerran,-27.8788,151.2683,Australia,AU,Queensland,,1563,1563
Tambourine,-27.8816,153.13,Australia,AU,Queensland,,3950,3950
Clifton,-27.9325,151.9055,Australia,AU,Queensland,,1456,1456
Gleneagle,-27.9405,152.9616,Australia,AU,Queensland,,1877,1877
Kalbar,-27.9419,152.6233,Australia,AU,Queensland,,1093,1093
Southport,-27.9667,153.4,Australia,AU,Queensland,,31908,31908
North Tamborine,-27.9694,153.1992,Australia,AU,Queensland,,7506,7506
Beaudesert,-27.988,152.9958,Australia,AU,Queensland,,6395,6395
Nerang,-27.9956,153.322,Australia,AU,Queensland,,16864,16864
Boonah,-27.9997,152.6816,Australia,AU,Queensland,,2484,2484
Gold Coast,-28.0167,153.4,Australia,AU,Queensland,,679127,638090
Canungra,-28.0195,153.1652,Australia,AU,Queensland,,1229,1229
Allora,-28.0355,151.9802,Australia,AU,Queensland,,1223,1223
Saint George,-28.0363,148.5797,Australia,AU,Queensland,,3048,3048
Lower Beechmont,-28.047,153.247,Australia,AU,New South Wales,,1046,1046
Merrimac,-28.05,153.3667,Australia,AU,New South Wales,,7071,7071
Cunnamulla,-28.0702,145.6825,Australia,AU,Queensland,,1140,1140
Kooralbyn,-28.0725,152.8208,Australia,AU,Queensland,,1725,1725
Tallebudgera,-28.1489,153.418,Australia,AU,Queensland,,3667,3667
Currumbin,-28.158,153.469,Australia,AU,Queensland,,9121,9121
Tweed Heads,-28.1833,153.55,Australia,AU,New South Wales,,8176,8176
Warwick,-28.2152,152.0352,Australia,AU,Queensland,,15380,12222
Banora Point,-28.2225,153.5386,Australia,AU,New South Wales,,16167,16167
Terranora,-28.2456,153.5025,Australia,AU,New South Wales,,2926,2926
Kingscliff,-28.2564,153.5781,Australia,AU,New South Wales,,7464,7464
Chinderah,-28.2567,153.5344,Australia,AU,New South Wales,,1566,1566
South Murwillumbah,-28.3317,153.4094,Australia,AU,New South Wales,,1114,1114
Bogangar,-28.3317,153.5594,Australia,AU,New South Wales,,3060,3060
Murwillumbah,-28.3333,153.3833,Australia,AU,New South Wales,,7032,7032
Pottsville,-28.3869,153.5608,Australia,AU,New South Wales,,6704,6704
Ocean Shores,-28.5092,153.5375,Australia,AU,New South Wales,,5137,5137
Goondiwindi,-28.5461,150.3097,Australia,AU,Queensland,,6355,6355
Mullumbimby,-28.55,153.5,Australia,AU,New South Wales,,3172,3172
Brunswick Heads,-28.5586,153.5447,Australia,AU,New South Wales,,1737,1737
Nimbin,-28.6,153.2333,Australia,AU,New South Wales,,2000,2000
Kyogle,-28.6167,153.0,Australia,AU,New South Wales,,2197,2197
Byron Bay,-28.6483,153.6178,Australia,AU,New South Wales,,5521,5521
Stanthorpe,-28.6547,151.935,Australia,AU,Queensland,,5406,5406
Drummond Cove,-28.673,114.613,Australia,AU,Western Australia,,1477,1477
Bangalow,-28.6817,153.5178,Australia,AU,New South Wales,,2021,2021
Suffolk Park,-28.6983,153.6178,Australia,AU,New South Wales,,3750,3750
Geraldton,-28.7744,114.6089,Australia,AU,Western Australia,,37648,37648
Lennox Head,-28.7983,153.5844,Australia,AU,New South Wales,,6407,6407
Lismore Heights,-28.8044,153.3,Australia,AU,New South Wales,,2193,2193
Goonellabah,-28.815,153.3178,Australia,AU,New South Wales,,12900,12900
Wollongbar,-28.815,153.4011,Australia,AU,New South Wales,,2828,2828
Lismore,-28.8167,153.2833,Australia,AU,New South Wales,,28720,3579
Cumbalum,-28.8317,153.5344,Australia,AU,New South Wales,,1522,1522
Alstonville,-28.8317,153.4344,Australia,AU,New South Wales,,5739,5739
Ballina,-28.8333,153.5333,Australia,AU,New South Wales,,26381,3023
Casino,-28.8483,153.0511,Australia,AU,New South Wales,,10914,10914
East Ballina,-28.8594,153.5872,Australia,AU,New South Wales,,5571,5571
Coraki,-28.9983,153.2844,Australia,AU,New South Wales,,1277,1277
Coober Pedy,-29.0111,134.7556,Australia,AU,South Australia,,1762,1762
Tenterfield,-29.0553,152.0178,Australia,AU,New South Wales,,4066,4066
Evans Head,-29.115,153.4344,Australia,AU,New South Wales,,2847,2847
Dongara,-29.251,114.934,Australia,AU,Western Australia,,1380,1380
Port Denison,-29.2833,114.9167,Australia,AU,Western Australia,,1410,1410
Iluka,-29.4067,153.3511,Australia,AU,New South Wales,,1718,1718
Warialda,-29.4097,150.5217,Australia,AU,New South Wales,,1590,1590
Yamba,-29.4333,153.35,Australia,AU,New South Wales,,6076,6076
Lightning Ridge,-29.4483,147.9678,Australia,AU,New South Wales,,2284,2284
Maclean,-29.4567,153.2011,Australia,AU,New South Wales,,2628,2628
Moree,-29.465,149.8344,Australia,AU,New South Wales,,9311,9311
Gulmarrad,-29.49,153.2344,Australia,AU,New South Wales,,1694,1694
Lawrence,-29.4983,153.1011,Australia,AU,New South Wales,,1046,1046
Waterview Heights,-29.665,152.8678,Australia,AU,New South Wales,,1325,1325
Grafton,-29.6833,152.9333,Australia,AU,New South Wales,,19078,10408
South Grafton,-29.715,152.9344,Australia,AU,New South Wales,,6068,6068
Glen Innes,-29.75,151.7361,Australia,AU,New South Wales,,6155,6155
Inverell,-29.7817,151.1178,Australia,AU,New South Wales,,11660,11660
Coutts Crossing,-29.8317,152.8844,Australia,AU,New South Wales,,1060,1060
Bingara,-29.865,150.5678,Australia,AU,New South Wales,,1428,1428
Brewarrina,-29.9483,146.8678,Australia,AU,New South Wales,,1143,1143
Corindi Beach,-30.0317,153.2011,Australia,AU,New South Wales,,1686,1686
Walgett,-30.0317,148.1011,Australia,AU,New South Wales,,2145,2145
Bourke,-30.0817,145.9511,Australia,AU,New South Wales,,1909,1909
Woolgoolga,-30.115,153.2011,Australia,AU,New South Wales,,5290,5290
Nana Glen,-30.1317,153.0011,Australia,AU,New South Wales,,1055,1055
Sandy Beach,-30.1483,153.2011,Australia,AU,New South Wales,,2287,2287
Emerald Beach,-30.165,153.1844,Australia,AU,New South Wales,,2234,2234
Moonee Beach,-30.2057,153.1529,Australia,AU,New South Wales,,1933,1933
Wee Waa,-30.215,149.4344,Australia,AU,New South Wales,,2080,2080
Guyra,-30.215,151.6678,Australia,AU,New South Wales,,2027,2027
Mid Sapphire Beach,-30.2317,153.1511,Australia,AU,New South Wales,,2084,2084
Korora,-30.2503,153.1156,Australia,AU,New South Wales,,2488,2488
Jurien Bay,-30.297,115.042,Australia,AU,Western Australia,,1761,1761
Coffs Harbour,-30.3022,153.1189,Australia,AU,New South Wales,,71822,25752
Narrabri,-30.3317,149.7678,Australia,AU,New South Wales,,7606,7606
Boambee,-30.3317,153.0844,Australia,AU,New South Wales,,1668,1668
Sawtell,-30.365,153.1011,Australia,AU,New South Wales,,3682,3682
Barraba,-30.3817,150.6178,Australia,AU,New South Wales,,1410,1410
Bonville,-30.3833,153.05,Australia,AU,New South Wales,,2554,2554
Dorrigo,-30.399,152.7533,Australia,AU,New South Wales,,1191,1191
Bellingen,-30.4483,152.9011,Australia,AU,New South Wales,,3779,3779
Urunga,-30.4983,153.0178,Australia,AU,New South Wales,,3000,3000
Armidale,-30.5,151.65,Australia,AU,New South Wales,,24504,24504
Roxby Downs,-30.5625,136.8785,Australia,AU,South Australia,,4500,3884
Valla Beach,-30.59,153.0075,Australia,AU,New South Wales,,1313,1313
Bowraville,-30.6317,152.8642,Australia,AU,New South Wales,,1122,1122
Moora,-30.638,116.01,Australia,AU,Western Australia,,1773,1773
Nambucca Heads,-30.6414,152.9906,Australia,AU,New South Wales,,6327,6327
Uralla,-30.6472,151.4956,Australia,AU,New South Wales,,2743,2743
Boggabri,-30.715,150.0344,Australia,AU,New South Wales,,1130,1130
Macksville,-30.7175,152.9172,Australia,AU,New South Wales,,2598,2598
Manilla,-30.7483,150.7178,Australia,AU,New South Wales,,2550,2550
Kalgoorlie,-30.7489,121.4658,Australia,AU,Western Australia,,29849,29849
South West Rocks,-30.8842,153.0403,Australia,AU,New South Wales,,4603,4603
Coonamble,-30.9317,148.3678,Australia,AU,New South Wales,,2750,2750
Gunnedah,-30.9667,150.25,Australia,AU,New South Wales,,9726,9726
Moore,-30.9789,150.8692,Australia,AU,New South Wales,,2368,2368
Walcha,-30.9833,151.6,Australia,AU,New South Wales,,2553,2553
Moonbi,-31.0167,151.0667,Australia,AU,New South Wales,,1126,1126
Frederickton,-31.0317,152.8678,Australia,AU,New South Wales,,1391,1391
Kootingal,-31.0567,151.0511,Australia,AU,New South Wales,,2126,2126
Aldavilla,-31.0817,152.7678,Australia,AU,New South Wales,,1230,1230
Kempsey,-31.0833,152.8333,Australia,AU,New South Wales,,15309,474
Tamworth,-31.0833,150.9167,Australia,AU,New South Wales,,42872,180
West Tamworth,-31.0894,150.9436,Australia,AU,New South Wales,,5342,5342
Crescent Head,-31.19,152.9761,Australia,AU,New South Wales,,1531,1531
Kambalda,-31.2,121.67,Australia,AU,Western Australia,,2539,2539
Kambalda West,-31.2114,121.7129,Australia,AU,Western Australia,,1789,1789
Coonabarabran,-31.265,149.2678,Australia,AU,New South Wales,,3290,3290
Werris Creek,-31.3483,150.6511,Australia,AU,New South Wales,,1572,1572
Bindoon,-31.38,116.097,Australia,AU,Western Australia,,1183,1183
Port Macquarie,-31.4333,152.9,Australia,AU,New South Wales,,47973,44830
Wauchope,-31.465,152.7344,Australia,AU,New South Wales,,6312,6312
Merredin,-31.482,118.279,Australia,AU,Western Australia,,2850,2850
Two Rocks,-31.495,115.588,Australia,AU,Western Australia,,2990,2990
Cobar,-31.4997,145.8319,Australia,AU,New South Wales,,3990,3990
Quirindi,-31.5081,150.68,Australia,AU,New South Wales,,3444,3444
Lake Cathie,-31.5483,152.8511,Australia,AU,New South Wales,,3494,3494
Toodyay,-31.55,116.45,Australia,AU,Western Australia,,1408,1408
Yanchep,-31.55,115.634,Australia,AU,Western Australia,,8868,8868
Lower Chittering,-31.556,116.087,Australia,AU,Western Australia,,2127,2127
Nyngan,-31.5667,147.2,Australia,AU,New South Wales,,2159,2159
Bonny Hills,-31.5817,152.8344,Australia,AU,New South Wales,,2971,2971
Kew,-31.6317,152.7178,Australia,AU,New South Wales,,1089,1089
North Haven,-31.6317,152.8178,Australia,AU,New South Wales,,1670,1670
Kendall,-31.6322,152.7056,Australia,AU,New South Wales,,1141,1141
Camden Haven,-31.6483,152.8011,Australia,AU,New South Wales,,1986,1986
Dunbogan,-31.65,152.8167,Australia,AU,New South Wales,,1002,1002
Northam,-31.6531,116.6661,Australia,AU,Western Australia,,6548,6548
Bullsbrook,-31.663,116.03,Australia,AU,Western Australia,,5448,5448
Warren,-31.6983,147.8344,Australia,AU,New South Wales,,1389,1389
Gilgandra,-31.7,148.6667,Australia,AU,New South Wales,,3126,3126
Bakers Hill,-31.751,116.455,Australia,AU,Western Australia,,1118,1118
Murrurundi,-31.765,150.8344,Australia,AU,New South Wales,,1038,1038
Wundowie,-31.7667,116.383,Australia,AU,Western Australia,,1352,1352
Wooroloo,-31.803,116.314,Australia,AU,Western Australia,,2642,2642
Coolah,-31.8317,149.7178,Australia,AU,New South Wales,,1290,1290
Wingham,-31.85,152.367,Australia,AU,New South Wales,,5374,5374
Chidlow,-31.857,116.272,Australia,AU,Western Australia,,1828,1828
Cundletown,-31.8817,152.5178,Australia,AU,New South Wales,,2054,2054
York,-31.8883,116.7686,Australia,AU,Western Australia,,2548,2535
Taree,-31.9,152.45,Australia,AU,New South Wales,,26381,16197
Gin Gin,-31.9114,148.0897,Australia,AU,New South Wales,,1053,1053
Tinonee,-31.9483,152.4178,Australia,AU,New South Wales,,1092,1092
Perth,-31.9522,115.8589,Australia,AU,Western Australia,admin,2059484,2039200
Broken Hill,-31.9567,141.4678,Australia,AU,New South Wales,,17734,17734
Old Bar,-31.9667,152.583,Australia,AU,New South Wales,,4389,4389
Lesmurdie,-31.994,116.05,Australia,AU,Western Australia,,8437,8437
Bentley,-32.001,115.924,Australia,AU,Western Australia,,8782,8782
Gloucester,-32.0094,151.9603,Australia,AU,New South Wales,,2975,2975
Dunedoo,-32.015,149.3928,Australia,AU,New South Wales,,1221,1221
Cannington,-32.0167,115.95,Australia,AU,Western Australia,,5929,5929
Fremantle,-32.0569,115.7439,Australia,AU,Western Australia,,7459,7459
Scone,-32.0833,150.85,Australia,AU,New South Wales,,5624,5624
Beverley,-32.109,116.926,Australia,AU,Western Australia,,1163,1163
Ceduna,-32.1167,133.6667,Australia,AU,South Australia,,2157,2157
Merriwa,-32.1317,150.3511,Australia,AU,New South Wales,,1761,1761
Ceduna,-32.1333,133.6833,Australia,AU,Tasmania,,1850,1850
Aberdeen,-32.165,150.9011,Australia,AU,New South Wales,,2084,2084
Tuncurry,-32.175,152.4989,Australia,AU,New South Wales,,6186,6186
Forster,-32.1806,152.5117,Australia,AU,New South Wales,,13740,13740
Narromine,-32.2333,148.2333,Australia,AU,New South Wales,,4689,4689
Kwinana,-32.2394,115.7702,Australia,AU,Western Australia,,20086,17549
Dubbo,-32.2569,148.6011,Australia,AU,New South Wales,,38392,38392
Muswellbrook,-32.2654,150.8885,Australia,AU,New South Wales,,12364,12075
Mundijong,-32.284,115.973,Australia,AU,Western Australia,,1232,1232
Jarrahdale,-32.339,116.062,Australia,AU,Western Australia,,1192,1192
Quorn,-32.3495,138.0406,Australia,AU,South Australia,,1131,1131
Serpentine,-32.365,115.981,Australia,AU,Western Australia,,1265,1265
Gulgong,-32.365,149.5344,Australia,AU,New South Wales,,2521,2521
Smiths Lake,-32.3747,152.5036,Australia,AU,New South Wales,,1235,1235
Bulahdelah,-32.3831,152.1953,Australia,AU,New South Wales,,1424,1424
Denman,-32.3833,150.6833,Australia,AU,New South Wales,,1789,1789
Dungog,-32.4047,151.7528,Australia,AU,New South Wales,,2025,2025
Port Augusta,-32.4925,137.7658,Australia,AU,South Australia,,13799,6562
Stirling North,-32.5167,137.8333,Australia,AU,South Australia,,2673,2673
Mandurah,-32.5289,115.7231,Australia,AU,Western Australia,,7837,7837
Wellington,-32.55,148.9333,Australia,AU,New South Wales,,4077,4077
Singleton,-32.5667,151.1697,Australia,AU,New South Wales,,16346,5000
Yunderup,-32.5833,115.8,Australia,AU,Western Australia,,3114,3114
Ravenswood,-32.5833,115.833,Australia,AU,Western Australia,,2176,2176
Clarence Town,-32.5842,151.7819,Australia,AU,New South Wales,,1994,1994
Mudgee,-32.6125,149.5872,Australia,AU,New South Wales,,10923,10923
Pinjarra,-32.63,115.8711,Australia,AU,Western Australia,,4910,4910
Hawks Nest,-32.63,152.2006,Australia,AU,New South Wales,,1223,1223
Karuah,-32.6431,151.9572,Australia,AU,New South Wales,,1411,1411
Branxton,-32.6483,151.3511,Australia,AU,New South Wales,,1991,1991
Tea Gardens,-32.6669,152.1594,Australia,AU,New South Wales,,2884,2884
Greta,-32.6872,151.3844,Australia,AU,New South Wales,,2830,2830
Peak Hill,-32.7075,148.0514,Australia,AU,New South Wales,,1106,1106
Nelson Bay,-32.715,152.1511,Australia,AU,New South Wales,,11820,11820
Rutherford,-32.715,151.5317,Australia,AU,New South Wales,,11884,11884
Maitland,-32.7167,151.55,Australia,AU,New South Wales,,78015,1885
Raworth,-32.7289,151.615,Australia,AU,New South Wales,,1788,1788
Salamander Bay,-32.7292,152.0894,Australia,AU,New South Wales,,4815,4815
Raymond Terrace,-32.7615,151.7441,Australia,AU,New South Wales,,12820,12820
Anna Bay,-32.7817,152.0844,Australia,AU,New South Wales,,3846,3846
Streaky Bay,-32.8,134.2167,Australia,AU,South Australia,,1378,1378
Boddington,-32.802,116.471,Australia,AU,Western Australia,,1198,1198
Heddon Greta,-32.8058,151.5103,Australia,AU,New South Wales,,2047,2047
Abermain,-32.8072,151.4275,Australia,AU,New South Wales,,2337,2337
Weston,-32.8103,151.4561,Australia,AU,New South Wales,,3693,3693
Kurri Kurri,-32.8167,151.4833,Australia,AU,New South Wales,,6044,6044
Cessnock,-32.8342,151.3555,Australia,AU,New South Wales,,21725,15177
Aberdare,-32.8428,151.3803,Australia,AU,New South Wales,,2473,2473
Kandos,-32.8483,149.9678,Australia,AU,New South Wales,,1315,1315
Bellbird,-32.855,151.3183,Australia,AU,New South Wales,,2032,2032
Waroona,-32.8667,115.9167,Australia,AU,Western Australia,,2934,2934
Millfield,-32.8886,151.2614,Australia,AU,New South Wales,,1006,1006
Ellalong,-32.9072,151.3214,Australia,AU,New South Wales,,1098,1098
Newcastle,-32.9167,151.75,Australia,AU,New South Wales,,322278,152984
Narrogin,-32.936,117.178,Australia,AU,Western Australia,,4274,4274
Peterborough,-32.9667,138.8333,Australia,AU,South Australia,,1416,1416
Whyalla,-33.0333,137.5667,Australia,AU,South Australia,,21742,21742
Cooranbong,-33.074,151.451,Australia,AU,New South Wales,,5449,5449
Harvey,-33.08,115.89,Australia,AU,Western Australia,,2750,2750
Condobolin,-33.0886,147.1494,Australia,AU,New South Wales,,3486,3486
Parkes,-33.095,148.2628,Australia,AU,New South Wales,,11408,11408
Molong,-33.0981,148.8561,Australia,AU,New South Wales,,2577,2577
Morisset,-33.115,151.5011,Australia,AU,New South Wales,,2857,2857
Binningup,-33.149,115.689,Australia,AU,Western Australia,,1227,1227
Port Pirie,-33.1858,138.0169,Australia,AU,South Australia,,14188,195
Jamestown,-33.2053,138.6019,Australia,AU,South Australia,,1561,1561
Leschenault,-33.245,115.735,Australia,AU,Western Australia,,2932,2932
Australind,-33.2792,115.715,Australia,AU,Western Australia,,14539,14539
Wyong,-33.282,151.418,Australia,AU,New South Wales,,4326,4326
Orange,-33.2833,149.1,Australia,AU,New South Wales,,40493,38097
Lake Cargelligo,-33.2983,146.3678,Australia,AU,New South Wales,,1479,1479
Wagin,-33.3167,117.35,Australia,AU,Western Australia,,1824,1495
Bunbury,-33.3333,115.6333,Australia,AU,Western Australia,,74363,71090
The Entrance,-33.3472,151.496,Australia,AU,New South Wales,,4006,4006
Crystal Brook,-33.35,138.2,Australia,AU,South Australia,,1515,1515
Collie,-33.363,116.156,Australia,AU,Western Australia,,7192,7192
Forbes,-33.3833,148.0167,Australia,AU,New South Wales,,8432,8432
Wallerawang,-33.4067,150.0678,Australia,AU,New South Wales,,1980,1980
Kelso,-33.4186,149.6056,Australia,AU,New South Wales,,8968,8968
Bathurst,-33.42,149.5778,Australia,AU,New South Wales,,36801,35020
Central Coast,-33.42,151.3,Australia,AU,New South Wales,,3026,3026
Gosford,-33.4233,151.3414,Australia,AU,New South Wales,,3499,3499
Raglan,-33.4317,149.6511,Australia,AU,New South Wales,,1199,1199
Millthorpe,-33.4483,149.1844,Australia,AU,New South Wales,,1253,1253
Hillston,-33.4817,145.5344,Australia,AU,New South Wales,,1465,1465
Lithgow,-33.4833,150.15,Australia,AU,New South Wales,,12973,5201
Boyanup,-33.4861,115.73,Australia,AU,Western Australia,,1217,1217
Blayney,-33.5333,149.25,Australia,AU,New South Wales,,3378,3378
Kurrajong Heights,-33.55,150.6667,Australia,AU,New South Wales,,1342,1342
Freemans Reach,-33.5567,150.8011,Australia,AU,New South Wales,,1973,1973
Capel,-33.557,115.57,Australia,AU,Western Australia,,2509,2509
Wilberforce,-33.5594,150.841,Australia,AU,New South Wales,,3007,3007
Canowindra,-33.5667,148.6667,Australia,AU,New South Wales,,2258,2258
Donnybrook,-33.58,115.82,Australia,AU,Western Australia,,2824,2824
Bowen Mountain,-33.5817,150.6344,Australia,AU,New South Wales,,1571,1571
Port Broughton,-33.5833,137.9356,Australia,AU,South Australia,,1034,1034
Richmond,-33.5983,150.7511,Australia,AU,New South Wales,,5482,5482
Windsor,-33.6114,150.8133,Australia,AU,New South Wales,,1891,1891
Dunsborough,-33.6167,115.1,Australia,AU,Western Australia,,5320,5320
Blackheath,-33.6311,150.2911,Australia,AU,New South Wales,,4396,4396
Yallingup,-33.6397,115.0263,Australia,AU,Western Australia,,1029,1029
Busselton,-33.6478,115.3458,Australia,AU,Western Australia,,25329,25329
Bay View,-33.6592,151.2861,Australia,AU,New South Wales,,3620,3620
Burra,-33.6667,138.9333,Australia,AU,South Australia,,1103,1103
Quindalup,-33.6671,115.1451,Australia,AU,Western Australia,,1336,1336
Cowell,-33.6833,136.9167,Australia,AU,South Australia,,1109,1109
Faulconbridge,-33.6875,150.5439,Australia,AU,New South Wales,,4025,4025
Vasse,-33.69,115.3,Australia,AU,Western Australia,,2479,2479
Katanning,-33.6908,117.5553,Australia,AU,Western Australia,,3687,3687
Wahroonga,-33.6928,151.1261,Australia,AU,New South Wales,,1998,1998
Springwood,-33.6967,150.5683,Australia,AU,New South Wales,,8475,8475
Yellow Rock,-33.6983,150.6344,Australia,AU,New South Wales,,1029,1029
Valley Heights,-33.7,150.5833,Australia,AU,New South Wales,,1211,1211
Katoomba,-33.715,150.3128,Australia,AU,New South Wales,,7964,7964
Wentworth Falls,-33.7164,150.3772,Australia,AU,New South Wales,,6076,6076
Leura,-33.7167,150.3333,Australia,AU,New South Wales,,4644,4644
Oberon,-33.7167,149.8667,Australia,AU,New South Wales,,3256,3256
Lawson,-33.7178,150.4322,Australia,AU,New South Wales,,2614,2614
Quakers Hill,-33.7344,150.8789,Australia,AU,New South Wales,,27080,27080
Blaxland,-33.7453,150.6175,Australia,AU,New South Wales,,7451,7451
Emu Plains,-33.7483,150.6678,Australia,AU,New South Wales,,8421,8421
Penrith,-33.7511,150.6942,Australia,AU,New South Wales,,13295,13295
Glenbrook,-33.765,150.6267,Australia,AU,New South Wales,,5051,5051
Curl Curl,-33.765,151.3011,Australia,AU,New South Wales,,4117,4117
Cowra,-33.8183,148.6578,Australia,AU,New South Wales,,10063,10063
Wentworthville,-33.8233,150.9678,Australia,AU,New South Wales,,6197,6197
Clare,-33.8333,138.6,Australia,AU,South Australia,,3160,3160
Kojonup,-33.84,117.15,Australia,AU,Western Australia,,1165,1165
Concord,-33.8444,151.0903,Australia,AU,New South Wales,,5914,5914
Cowaramup,-33.85,115.11,Australia,AU,Western Australia,,1902,1902
Granville,-33.8578,151.0106,Australia,AU,New South Wales,,5500,5500
Strathfield,-33.8606,151.0886,Australia,AU,New South Wales,,4767,4767
Esperance,-33.8611,121.8919,Australia,AU,Western Australia,,12145,2144
Sydney,-33.865,151.2094,Australia,AU,New South Wales,admin,5312163,4840600
Warragamba,-33.8817,150.6011,Australia,AU,New South Wales,,1241,1241
Grenfell,-33.9097,148.195,Australia,AU,New South Wales,,2573,2573
Silverdale,-33.915,150.6094,Australia,AU,New South Wales,,3682,3682
Wallaroo,-33.9167,137.6167,Australia,AU,South Australia,,3988,3481
West Wyalong,-33.9167,147.2167,Australia,AU,New South Wales,,3141,3141
Margaret River,-33.955,115.075,Australia,AU,Western Australia,,6392,6392
East Hills,-33.9567,150.9844,Australia,AU,New South Wales,,3206,3206
Bridgetown,-33.9583,116.1381,Australia,AU,Western Australia,,2812,2812
Kadina,-33.9625,137.7125,Australia,AU,South Australia,,4587,2849
Port Moonta,-34.05,137.567,Australia,AU,South Australia,,2344,2344
Camden,-34.0544,150.6958,Australia,AU,New South Wales,,3230,3230
Campbelltown,-34.0733,150.8261,Australia,AU,New South Wales,,12566,12566
The Oaks,-34.0817,150.5678,Australia,AU,New South Wales,,2525,2525
Oakdale,-34.0817,150.5011,Australia,AU,New South Wales,,1843,1843
Wentworth,-34.0833,141.9,Australia,AU,New South Wales,,1437,1437
Menangle,-34.1233,150.7428,Australia,AU,New South Wales,,1150,1150
Balaklava,-34.149,138.4145,Australia,AU,South Australia,,1902,1902
Riverton,-34.15,138.733,Australia,AU,South Australia,,1036,1036
Renmark West,-34.1653,140.7097,Australia,AU,South Australia,,1301,1301
Gol Gol,-34.1667,142.2167,Australia,AU,New South Wales,,1523,1523
Paringa,-34.1667,140.7833,Australia,AU,South Australia,,1105,1105
Waikerie,-34.1667,139.9833,Australia,AU,South Australia,,2684,2684
Merbein,-34.1667,142.05,Australia,AU,Victoria,,2713,2713
Buronga,-34.1706,142.1733,Australia,AU,New South Wales,,1212,1212
Renmark,-34.1741,140.7418,Australia,AU,South Australia,,4634,4634
Picton,-34.1817,150.6011,Australia,AU,New South Wales,,4816,4816
Helensburgh,-34.1833,151.0,Australia,AU,New South Wales,,6383,6383
Mildura,-34.1889,142.1583,Australia,AU,Victoria,,32738,32738
Douglas Park,-34.19,150.7011,Australia,AU,New South Wales,,1362,1362
Thirlmere,-34.1983,150.5678,Australia,AU,New South Wales,,4046,4046
Appin,-34.2067,150.7844,Australia,AU,New South Wales,,2633,2633
Tahmoor,-34.2233,150.5928,Australia,AU,New South Wales,,5067,5067
Monash,-34.2333,140.55,Australia,AU,South Australia,,1124,1124
Irymple,-34.2333,142.1667,Australia,AU,Victoria,,5325,5325
Wilton,-34.24,150.7011,Australia,AU,New South Wales,,3080,3080
Manjimup,-34.2411,116.1464,Australia,AU,Western Australia,,4349,4349
Yenda,-34.25,146.171,Australia,AU,New South Wales,,1537,1537
Barmera,-34.25,140.4667,Australia,AU,South Australia,,1914,1914
Buxton,-34.2558,150.5331,Australia,AU,New South Wales,,2028,2028
Berri,-34.2833,140.6,Australia,AU,South Australia,,4103,4088
Griffith,-34.29,146.04,Australia,AU,New South Wales,,20251,18196
Bargo,-34.2983,150.5844,Australia,AU,New South Wales,,4393,4393
Young,-34.3,148.3,Australia,AU,New South Wales,,10295,10295
Red Cliffs,-34.3075,142.1881,Australia,AU,Victoria,,5060,5060
Augusta,-34.312,115.159,Australia,AU,Western Australia,,1109,1109
Hanwood,-34.3317,146.0344,Australia,AU,New South Wales,,1256,1256
Kapunda,-34.3389,138.9167,Australia,AU,South Australia,,2917,2917
Hill Top,-34.3525,150.4917,Australia,AU,New South Wales,,2674,2674
Yerrinbool,-34.365,150.5425,Australia,AU,New South Wales,,1164,1164
Maitland,-34.3667,137.6667,Australia,AU,South Australia,,1029,1029
Tumby Bay,-34.3667,136.1,Australia,AU,South Australia,,1474,1474
Corrimal,-34.3775,150.9117,Australia,AU,New South Wales,,3405,3405
Colo Vale,-34.3983,150.4844,Australia,AU,New South Wales,,1618,1618
Ardrossan,-34.4167,137.9,Australia,AU,South Australia,,1167,1167
Wollongong,-34.4331,150.8831,Australia,AU,New South Wales,,302739,289236
Temora,-34.4333,147.5333,Australia,AU,New South Wales,,4693,4693
Boorowa,-34.4397,148.7203,Australia,AU,New South Wales,,1641,1641
Freeling,-34.45,138.8,Australia,AU,South Australia,,2214,2214
Mittagong,-34.45,150.45,Australia,AU,New South Wales,,8999,5767
Loxton,-34.4539,140.5669,Australia,AU,South Australia,,3838,3838
Crookwell,-34.4567,149.4678,Australia,AU,New South Wales,,2641,2641
Greenock,-34.4578,138.928,Australia,AU,South Australia,,1087,1087
Nuriootpa,-34.4667,138.9833,Australia,AU,South Australia,,6314,6314
Bowral,-34.4792,150.4181,Australia,AU,New South Wales,,12949,10335
Hay,-34.4983,144.8344,Australia,AU,New South Wales,,2406,2406
Angaston,-34.5,139.05,Australia,AU,South Australia,,2095,2095
Burradoo,-34.5031,150.4089,Australia,AU,New South Wales,,2645,2645
Tanunda,-34.5167,138.9667,Australia,AU,South Australia,,4588,4588
Murrumburrah,-34.5483,148.3678,Australia,AU,New South Wales,,2030,2030
Leeton,-34.5483,146.4011,Australia,AU,New South Wales,,8623,8623
Moss Vale,-34.5483,150.3678,Australia,AU,New South Wales,,8579,8579
Darlington Point,-34.565,146.0011,Australia,AU,New South Wales,,1162,1162
Robinvale,-34.5833,142.7667,Australia,AU,Victoria,,3088,3088
Robertson,-34.59,150.5928,Australia,AU,New South Wales,,1865,1865
Two Wells,-34.5962,138.5159,Australia,AU,South Australia,,1926,1926
Gawler,-34.5981,138.745,Australia,AU,South Australia,,26472,650
Lyndoch,-34.6037,138.8866,Australia,AU,South Australia,,2000,2000
Lewiston,-34.6044,138.5914,Australia,AU,South Australia,,2947,2947
Mount Barker,-34.63,117.6669,Australia,AU,Western Australia,,1905,1905
Kiama Downs,-34.6317,150.8511,Australia,AU,New South Wales,,5004,5004
Balranald,-34.6383,143.5603,Australia,AU,New South Wales,,1343,1343
Cootamundra,-34.6417,148.025,Australia,AU,New South Wales,,6782,6782
Angle Vale,-34.642,138.647,Australia,AU,South Australia,,2818,2818
Jamberoo,-34.6483,150.7761,Australia,AU,New South Wales,,1636,1636
Bundanoon,-34.6556,150.2994,Australia,AU,New South Wales,,2729,2729
Kiama,-34.6708,150.8542,Australia,AU,New South Wales,,7700,6881
Williamstown,-34.6721,138.8884,Australia,AU,South Australia,,2755,2755
Marulan,-34.715,150.0011,Australia,AU,New South Wales,,1178,1178
Port Lincoln,-34.7322,135.8586,Australia,AU,South Australia,,16326,14120
Narrandera,-34.7483,146.5511,Australia,AU,New South Wales,,4375,4375
Gerringong,-34.7483,150.8344,Australia,AU,New South Wales,,3966,3966
Goulburn,-34.7547,149.6186,Australia,AU,New South Wales,,23835,22419
Minlaton,-34.7714,137.596,Australia,AU,South Australia,,1099,1099
Mount Pleasant,-34.773,139.051,Australia,AU,South Australia,,1020,1020
Berry,-34.7817,150.7011,Australia,AU,New South Wales,,2667,2667
Kersbrook,-34.784,138.852,Australia,AU,South Australia,,1093,1093
Coleambally,-34.8067,145.8844,Australia,AU,New South Wales,,1331,1331
Birdwood,-34.8167,138.967,Australia,AU,South Australia,,1298,1298
Yass,-34.8203,148.9136,Australia,AU,New South Wales,,6506,6506
Coolamon,-34.8319,147.2011,Australia,AU,New South Wales,,2199,2199
Bomaderry,-34.848,150.605,Australia,AU,New South Wales,,6661,6661
Shoalhaven Heads,-34.85,150.7417,Australia,AU,New South Wales,,3059,3059
Junee,-34.8661,147.5822,Australia,AU,New South Wales,,4922,4922
Nowra,-34.8833,150.6,Australia,AU,New South Wales,,37420,9193
Lobethal,-34.9,138.8667,Australia,AU,South Australia,,2527,2527
Worragee,-34.9144,150.6386,Australia,AU,New South Wales,,5068,5068
Greenwell Point,-34.915,150.7344,Australia,AU,New South Wales,,1209,1209
Mannum,-34.9151,139.3044,Australia,AU,South Australia,,2644,2644
Adelaide,-34.9289,138.6011,Australia,AU,South Australia,admin,1345777,1295714
Culburra,-34.9347,150.7539,Australia,AU,New South Wales,,2874,2874
Woodside,-34.9531,138.8742,Australia,AU,South Australia,,2608,2608
Lower King,-34.9578,117.9383,Australia,AU,Western Australia,,1832,1832
Denmark,-34.96,117.3531,Australia,AU,Western Australia,,2558,2558
Murrumbateman,-34.9625,149.0261,Australia,AU,New South Wales,,3219,3219
Balhannah,-34.9833,138.8167,Australia,AU,South Australia,,1075,1075
Stirling,-35.0022,138.706,Australia,AU,South Australia,,2966,2966
Aldgate,-35.0153,138.736,Australia,AU,South Australia,,3361,3361
Bridgewater,-35.0164,138.768,Australia,AU,South Australia,,3498,3498
Albany,-35.0228,117.8814,Australia,AU,Western Australia,,34205,29373
Hahndorf,-35.0303,138.8076,Australia,AU,South Australia,,2670,2670
Gundaroo,-35.0317,149.2844,Australia,AU,New South Wales,,1146,1146
Nairne,-35.0333,138.9167,Australia,AU,South Australia,,4842,4842
Tomerong,-35.0494,150.5667,Australia,AU,New South Wales,,1065,1065
Mylor,-35.05,138.75,Australia,AU,South Australia,,1097,1097
Little Hampton,-35.05,138.85,Australia,AU,South Australia,,3044,3044
Gundagai,-35.065,148.1011,Australia,AU,New South Wales,,1676,1676
Ouyen,-35.0667,142.317,Australia,AU,Victoria,,1191,1191
Mount Barker,-35.0667,138.85,Australia,AU,South Australia,,16629,13842
Little Grove,-35.07,117.87,Australia,AU,Western Australia,,1503,1503
Vincentia,-35.0758,150.6742,Australia,AU,New South Wales,,3290,3290
Basin View,-35.0928,150.5572,Australia,AU,New South Wales,,1554,1554
Echunga,-35.1,138.7833,Australia,AU,South Australia,,1109,1109
Sanctuary Point,-35.1036,150.6267,Australia,AU,New South Wales,,7225,7225
Murray Bridge,-35.117,139.267,Australia,AU,South Australia,,18779,14560
Wagga Wagga,-35.1189,147.3689,Australia,AU,New South Wales,,56442,54411
Sussex Inlet,-35.125,150.5436,Australia,AU,New South Wales,,3575,3575
Saint Georges Basin,-35.13,150.6269,Australia,AU,New South Wales,,2913,2913
Sutton,-35.1483,149.2178,Australia,AU,New South Wales,,1660,1660
Bywong,-35.165,149.3344,Australia,AU,New South Wales,,1322,1322
Macclesfield,-35.1667,138.833,Australia,AU,South Australia,,1352,1352
Meadows,-35.1833,138.75,Australia,AU,South Australia,,1369,1369
McLaren Flat,-35.208,138.5865,Australia,AU,South Australia,,1121,1121
Lockhart,-35.215,146.7178,Australia,AU,New South Wales,,1061,1061
McLaren Vale,-35.2198,138.5411,Australia,AU,South Australia,,3096,3096
Bungendore,-35.2483,149.4511,Australia,AU,New South Wales,,4178,4178
Tailem Bend,-35.25,139.45,Australia,AU,South Australia,,1665,1665
The Rock,-35.265,147.1178,Australia,AU,New South Wales,,1236,1236
Strathalbyn,-35.2667,138.9,Australia,AU,South Australia,,6504,6504
Willunga,-35.274,138.5535,Australia,AU,South Australia,,2308,2308
Canberra,-35.2931,149.1269,Australia,AU,Australian Capital Territory,primary,426704,381488
Milton,-35.3042,150.4408,Australia,AU,New South Wales,,1663,1663
Tumut,-35.3047,148.2228,Australia,AU,New South Wales,,6230,6230
Swan Hill,-35.3333,143.55,Australia,AU,Victoria,,11103,9864
Mollymook,-35.3372,150.4667,Australia,AU,New South Wales,,1083,1083
Ulladulla,-35.3486,150.4678,Australia,AU,New South Wales,,15278,15278
Jerilderie,-35.35,145.7333,Australia,AU,New South Wales,,1029,1029
Mount Compass,-35.3506,138.6203,Australia,AU,South Australia,,1731,1457
Queanbeyan,-35.3533,149.2342,Australia,AU,New South Wales,,36348,6237
Burrill Lake,-35.3817,150.4511,Australia,AU,New South Wales,,1465,1465
Braidwood,-35.4483,149.8011,Australia,AU,New South Wales,,1651,1651
Middleton,-35.5,138.7,Australia,AU,South Australia,,1156,1156
Goolwa,-35.5,138.7667,Australia,AU,South Australia,,2350,2350
Henty,-35.515,147.0344,Australia,AU,New South Wales,,1237,1237
Batlow,-35.515,148.1344,Australia,AU,New South Wales,,1313,1313
Port Elliot,-35.5167,138.6667,Australia,AU,South Australia,,2102,2102
Hindmarsh,-35.5167,138.8667,Australia,AU,South Australia,,1398,1398
Deniliquin,-35.5317,144.9344,Australia,AU,New South Wales,,7862,7862
Victor Harbor,-35.55,138.6167,Australia,AU,South Australia,,4233,4233
Encounter Bay,-35.5742,138.6005,Australia,AU,South Australia,,4901,4901
Barham,-35.5806,144.195,Australia,AU,New South Wales,,1518,1518
Finley,-35.6317,145.5678,Australia,AU,New South Wales,,2519,2519
Berrigan,-35.6317,145.8011,Australia,AU,New South Wales,,1260,1260
Kingscote,-35.6531,137.6342,Australia,AU,South Australia,,1790,1790
Culcairn,-35.665,147.0344,Australia,AU,New South Wales,,1473,1473
Meningie,-35.6883,139.338,Australia,AU,South Australia,,1118,1118
Surfside,-35.695,150.1997,Australia,AU,New South Wales,,1371,1371
Long Beach,-35.6983,150.2344,Australia,AU,New South Wales,,1436,1436
Batemans Bay,-35.7081,150.1744,Australia,AU,New South Wales,,11294,1530
Holbrook,-35.715,147.3178,Australia,AU,New South Wales,,1715,1715
Kerang,-35.7167,143.9167,Australia,AU,Victoria,,3893,3893
Batehaven,-35.7317,150.2011,Australia,AU,New South Wales,,1776,1776
Tumbarumba,-35.7833,148.0167,Australia,AU,New South Wales,,1862,1862
Cohuna,-35.8,144.2,Australia,AU,Victoria,,2428,2428
Malua Bay,-35.8,150.2333,Australia,AU,New South Wales,,1929,1929
Tocumwal,-35.815,145.5681,Australia,AU,New South Wales,,1527,1527
Tomakin,-35.8228,150.1894,Australia,AU,New South Wales,,1001,1001
Broulee,-35.8483,150.1678,Australia,AU,New South Wales,,1717,1717
Barooga,-35.9067,145.6928,Australia,AU,New South Wales,,1817,1817
Moruya,-35.9111,150.0806,Australia,AU,New South Wales,,3982,3982
Jindera,-35.95,146.9,Australia,AU,New South Wales,,2222,2222
Table Top,-35.965,147.0011,Australia,AU,New South Wales,,1425,1425
Cobram,-35.9667,145.65,Australia,AU,Victoria,,6014,6014
Howlong,-35.9817,146.6344,Australia,AU,New South Wales,,2777,2777
Mulwala,-35.9817,146.0011,Australia,AU,New South Wales,,1904,1904
Corowa,-35.9833,146.3833,Australia,AU,New South Wales,,5482,5482
Wahgunyah,-36.0,146.3833,Australia,AU,Victoria,,1098,1098
Yarrawonga,-36.0167,146.0,Australia,AU,Victoria,,7930,7930
Rutherglen,-36.0556,146.4625,Australia,AU,Victoria,,2378,2378
Nathalia,-36.0583,145.204,Australia,AU,Victoria,,1880,1880
Tuross Head,-36.065,150.1344,Australia,AU,New South Wales,,2241,2241
Albury,-36.0806,146.9158,Australia,AU,New South Wales,,47974,4804
Moama,-36.0833,144.75,Australia,AU,New South Wales,,4198,4198
Numurkah,-36.0833,145.4333,Australia,AU,Victoria,,4477,4477
Keith,-36.0991,140.3541,Australia,AU,South Australia,,1076,1076
Wodonga,-36.1214,146.8881,Australia,AU,Victoria,,35130,18948
Echuca,-36.1333,144.75,Australia,AU,Victoria,,14934,14043
Chiltern,-36.15,146.6,Australia,AU,Victoria,,1605,1605
Dalmeny,-36.165,150.1344,Australia,AU,New South Wales,,1937,1937
Baranduda,-36.1847,146.9613,Australia,AU,Victoria,,2370,2370
Corryong,-36.1981,147.899,Australia,AU,Victoria,,1348,1348
Tallangatta,-36.2,147.25,Australia,AU,Victoria,,1082,1082
Narooma,-36.2,150.1333,Australia,AU,New South Wales,,2605,2605
Cooma,-36.235,149.1258,Australia,AU,New South Wales,,6681,6681
Tongala,-36.25,144.95,Australia,AU,Victoria,,1926,1926
Warracknabeal,-36.25,142.417,Australia,AU,Victoria,,2340,2340
Charlton,-36.2667,143.35,Australia,AU,Victoria,,1050,1050
Bordertown,-36.3118,140.7702,Australia,AU,South Australia,,2953,2953
Yackandandah,-36.3131,146.8392,Australia,AU,Victoria,,1811,1811
Donald,-36.3157,142.953,Australia,AU,Victoria,,1498,1498
Kyabram,-36.3167,145.05,Australia,AU,Victoria,,7321,7321
Nhill,-36.3333,141.65,Australia,AU,Victoria,,1872,1872
Wangaratta,-36.3583,146.3125,Australia,AU,Victoria,,19318,17377
Beechworth,-36.3594,146.6869,Australia,AU,Victoria,,3859,3859
Berridale,-36.365,148.8178,Australia,AU,New South Wales,,1197,1197
Rochester,-36.3667,144.7,Australia,AU,Victoria,,3113,3113
Mooroopna,-36.3833,145.35,Australia,AU,Victoria,,7942,7942
Shepparton,-36.3833,145.4,Australia,AU,Victoria,,51631,31197
Jindabyne,-36.415,148.6178,Australia,AU,New South Wales,,2629,2629
Bermagui,-36.4317,150.0678,Australia,AU,New South Wales,,1536,1536
Tatura,-36.4333,145.233,Australia,AU,Victoria,,4448,4448
Dimboola,-36.45,142.0167,Australia,AU,Victoria,,1730,1730
Myrtleford,-36.55,146.717,Australia,AU,Victoria,,3193,3193
Benalla,-36.5519,145.9817,Australia,AU,Victoria,,9298,9298
Rushworth,-36.5833,145.0167,Australia,AU,Victoria,,1335,1335
Saint Arnaud,-36.6,143.25,Australia,AU,Victoria,,2193,2193
Huntly,-36.6649,144.329,Australia,AU,Victoria,,2379,2379
Bega,-36.6847,149.8422,Australia,AU,New South Wales,,4668,4668
Horsham,-36.7167,142.2,Australia,AU,Victoria,,16514,14543
Bright,-36.725,146.963,Australia,AU,Victoria,,2406,2406
Tathra,-36.7317,149.9844,Australia,AU,New South Wales,,1675,1675
Marong,-36.7333,144.133,Australia,AU,Victoria,,1416,1416
Bendigo,-36.75,144.2667,Australia,AU,Victoria,,99122,95587
Euroa,-36.75,145.567,Australia,AU,Victoria,,3275,3275
Junortoun,-36.7667,144.35,Australia,AU,Victoria,,3201,3201
Nagambie,-36.7703,145.155,Australia,AU,Victoria,,1886,1886
Kangaroo Flat,-36.8,144.25,Australia,AU,Victoria,,10394,10394
Kingston South East,-36.8167,139.85,Australia,AU,South Australia,,1648,1393
Tura Beach,-36.8483,149.9261,Australia,AU,New South Wales,,3158,3158
Merimbula,-36.8983,149.9011,Australia,AU,New South Wales,,3544,3544
Avenel,-36.9,145.233,Australia,AU,Victoria,,1048,1048
Heathcote,-36.9167,144.7,Australia,AU,Victoria,,2793,2793
Bombala,-36.9167,149.2333,Australia,AU,New South Wales,,1387,1387
Naracoorte,-36.955,140.7429,Australia,AU,South Australia,,5960,5960
Maldon,-36.9917,144.0667,Australia,AU,Victoria,,1513,1513
Puckapunyal,-37.0,145.033,Australia,AU,Victoria,,1078,1078
Seymour,-37.03,145.13,Australia,AU,Victoria,,6327,6327
Carisbrook,-37.0481,143.817,Australia,AU,Victoria,,1115,1115
Maryborough,-37.05,143.735,Australia,AU,Victoria,,7921,7921
Stawell,-37.05,142.7667,Australia,AU,Victoria,,6032,5736
Mansfield,-37.05,146.083,Australia,AU,Victoria,,4787,4787
Castlemaine,-37.0636,144.2172,Australia,AU,Victoria,,6757,6757
Eden,-37.065,149.9011,Australia,AU,New South Wales,,3151,3151
Chewton,-37.0833,144.267,Australia,AU,Victoria,,1313,1313
Avoca,-37.0881,143.4739,Australia,AU,Victoria,,1193,1193
Campbells Creek,-37.1,144.2,Australia,AU,Victoria,,1786,1786
Robe,-37.15,139.75,Australia,AU,South Australia,,1090,1090
Alexandra,-37.1917,145.71,Australia,AU,Victoria,,2695,2695
Broadford,-37.2,145.067,Australia,AU,Victoria,,4319,4319
Yea,-37.2,145.4167,Australia,AU,Victoria,,1587,1587
Kyneton,-37.2333,144.45,Australia,AU,Victoria,,6951,6951
Ararat,-37.2833,142.9167,Australia,AU,Victoria,,8300,8297
Kilmore,-37.2833,144.95,Australia,AU,Victoria,,7958,7958
Clunes,-37.3,143.7833,Australia,AU,Victoria,,1728,1728
Daylesford,-37.35,144.15,Australia,AU,Victoria,,2548,2548
Romsey,-37.35,144.75,Australia,AU,Victoria,,4412,4412
Woodend,-37.363,144.526,Australia,AU,Victoria,,5806,5806
Penola,-37.3786,140.8362,Australia,AU,South Australia,,1312,1312
Trentham,-37.3833,144.3167,Australia,AU,Victoria,,1180,1180
Mount Macedon,-37.4,144.5833,Australia,AU,Victoria,,1335,1335
Macedon,-37.4167,144.5667,Australia,AU,Victoria,,2040,2040
Wallan,-37.4167,144.9833,Australia,AU,Victoria,,8520,8504
Creswick,-37.4333,143.9,Australia,AU,Victoria,,3170,3170
Beaufort,-37.4333,143.3667,Australia,AU,Victoria,,1539,1539
Riddell,-37.4667,144.683,Australia,AU,Victoria,,3753,3753
Kinglake West,-37.4667,145.233,Australia,AU,Victoria,,1166,1166
Beveridge,-37.4833,144.9833,Australia,AU,Victoria,,2330,2330
Miners Rest,-37.486,143.757,Australia,AU,Victoria,,3095,3095
Eden Park,-37.489,145.07,Australia,AU,Victoria,,1204,1204
Gisborne,-37.49,144.5889,Australia,AU,Victoria,,13963,8999
Whittlesea,-37.5139,145.114,Australia,AU,Victoria,,5611,5611
Kinglake,-37.5328,145.3411,Australia,AU,Victoria,,1536,1536
Ballarat,-37.55,143.85,Australia,AU,Victoria,,105471,98543
Mallacoota,-37.55,149.75,Australia,AU,Victoria,,1063,1063
Sunbury,-37.5811,144.7139,Australia,AU,Victoria,,36084,36084
Casterton,-37.5833,141.4,Australia,AU,Victoria,,1668,1668
Gordon,-37.5833,144.1,Australia,AU,Victoria,,1151,1151
Mount Clear,-37.5833,143.8667,Australia,AU,Victoria,,2203,2203
Haddon,-37.5908,143.719,Australia,AU,Victoria,,1194,1194
Millicent,-37.5967,140.3524,Australia,AU,South Australia,,4734,4734
Wollert,-37.597,145.033,Australia,AU,Victoria,,9060,9060
Ballan,-37.6,144.25,Australia,AU,Victoria,,2985,2985
Coleraine,-37.6,141.7,Australia,AU,Victoria,,1029,1029
Hurstbridge,-37.6389,145.195,Australia,AU,Victoria,,3450,3450
Panton Hill,-37.643,145.239,Australia,AU,Victoria,,1062,1062
Yarra Glen,-37.6489,145.3719,Australia,AU,Victoria,,2869,2869
Smythesdale,-37.65,143.6833,Australia,AU,Victoria,,1032,1032
Buninyong,-37.6503,143.8839,Australia,AU,Victoria,,3714,3714
Darley,-37.6547,144.437,Australia,AU,Victoria,,8372,8372
Healesville,-37.6561,145.5139,Australia,AU,Victoria,,7461,7461
Wattleglen,-37.663,145.183,Australia,AU,Victoria,,1961,1961
Bacchus Marsh,-37.675,144.4389,Australia,AU,Victoria,,22223,6394
Melton,-37.6833,144.5833,Australia,AU,Victoria,,8069,8069
Maddingley,-37.6864,144.4336,Australia,AU,Victoria,,3453,3453
Orbost,-37.7,148.45,Australia,AU,Victoria,,2014,2014
Badger Creek,-37.7,145.5167,Australia,AU,Victoria,,1563,1563
Rockbank,-37.7333,144.667,Australia,AU,Victoria,,1536,1536
Hamilton,-37.7333,142.0167,Australia,AU,Victoria,,9974,9974
Coldstream,-37.734,145.383,Australia,AU,Victoria,,2164,2164
Wonga Park,-37.739,145.267,Australia,AU,Victoria,,3796,3796
Millgrove,-37.753,145.652,Australia,AU,Victoria,,1653,1653
Warburton,-37.755,145.697,Australia,AU,Victoria,,2012,2012
Wesburn,-37.767,145.647,Australia,AU,Victoria,,1019,1019
Woori Yallock,-37.778,145.528,Australia,AU,Victoria,,2913,2913
Yarra Junction,-37.779,145.606,Australia,AU,Victoria,,2549,2549
Launching Place,-37.7806,145.5683,Australia,AU,Victoria,,2394,2394
Mount Evelyn,-37.7833,145.3833,Australia,AU,Victoria,,9702,9702
Wy Yung,-37.7953,147.6073,Australia,AU,Victoria,,1657,1657
Lucknow,-37.8133,147.6481,Australia,AU,Victoria,,1254,1254
Melbourne,-37.8136,144.9631,Australia,AU,Victoria,admin,5078193,4529500
Nicholson,-37.8167,147.7333,Australia,AU,Victoria,,1095,1095
Silvan,-37.824,145.421,Australia,AU,Victoria,,1246,1246
Mount Gambier,-37.8294,140.7828,Australia,AU,South Australia,,29639,25512
Mount Dandenong,-37.8311,145.36,Australia,AU,Victoria,,1251,1251
Bairnsdale,-37.8333,147.6167,Australia,AU,Victoria,,7580,7580
Briagolong,-37.8333,147.067,Australia,AU,Victoria,,1081,1081
Olinda,-37.856,145.364,Australia,AU,Victoria,,1738,1738
Lakes Entrance,-37.8667,147.9833,Australia,AU,Victoria,,4810,4810
Sassafras Gully,-37.87,145.354,Australia,AU,Victoria,,1061,1061
Metung,-37.8833,147.85,Australia,AU,Victoria,,1449,1449
Ferny Creek,-37.8833,145.3333,Australia,AU,Victoria,,1518,1518
Eagle Point,-37.9,147.683,Australia,AU,Victoria,,1094,1094
Paynesville,-37.9167,147.7167,Australia,AU,Victoria,,3480,3480
Little River,-37.933,144.5,Australia,AU,Victoria,,1322,1322
Emerald,-37.9331,145.437,Australia,AU,Victoria,,5778,5778
Lysterfield,-37.9333,145.3,Australia,AU,Victoria,,6663,6663
Cockatoo,-37.935,145.492,Australia,AU,Victoria,,4256,4256
Belgrave South,-37.94,145.356,Australia,AU,Victoria,,1645,1645
Gembrook,-37.95,145.541,Australia,AU,Victoria,,2350,2350
Maffra,-37.95,146.983,Australia,AU,Victoria,,5280,5280
Lethbridge,-37.9667,144.133,Australia,AU,Victoria,,1014,1014
Stratford,-37.9667,147.083,Australia,AU,Victoria,,2617,2617
Dandenong,-37.981,145.215,Australia,AU,Victoria,,29906,29906
Narre Warren North,-37.9833,145.3167,Australia,AU,Victoria,,7674,7674
Heyfield,-37.9833,146.783,Australia,AU,Victoria,,1993,1993
Beaconsfield Upper,-37.996,145.415,Australia,AU,Victoria,,2861,2861
Neerim South,-38.0167,145.9667,Australia,AU,Victoria,,1305,1305
Lara,-38.0167,144.4167,Australia,AU,Victoria,,16355,16355
Teesdale,-38.0333,144.05,Australia,AU,Victoria,,1721,1721
Bannockburn,-38.05,144.1667,Australia,AU,Victoria,,5283,5283
Mortlake,-38.0667,142.8,Australia,AU,Victoria,,1372,1372
Garfield,-38.0667,145.683,Australia,AU,Victoria,,1786,1786
Pakenham,-38.0712,145.4878,Australia,AU,Victoria,,46421,46421
Lyndhurst,-38.081,145.207,Australia,AU,Victoria,,4981,4981
Nar Nar Goon,-38.0819,145.575,Australia,AU,Victoria,,1012,1012
Bunyip,-38.0833,145.717,Australia,AU,Victoria,,2468,2468
Longwarry,-38.1,145.767,Australia,AU,Victoria,,2004,2004
Sale,-38.1,147.0667,Australia,AU,Victoria,,15135,13673
Inverleigh,-38.1,144.05,Australia,AU,Victoria,,1474,1474
Wurruk,-38.113,147.021,Australia,AU,Victoria,,1112,1112
Portarlington,-38.1167,144.65,Australia,AU,Victoria,,3619,3619
Heywood,-38.1333,141.617,Australia,AU,Victoria,,1726,1726
Glengarry,-38.1333,146.55,Australia,AU,Victoria,,1084,1084
Drouin,-38.1333,145.85,Australia,AU,Victoria,,11887,11887
Indented Head,-38.1381,144.71,Australia,AU,Victoria,,1133,1133
Clifton Springs,-38.15,144.5667,Australia,AU,Victoria,,7519,7519
Warragul,-38.15,145.9333,Australia,AU,Victoria,,14276,14276
Rosedale,-38.15,146.783,Australia,AU,Victoria,,1654,1654
Geelong,-38.15,144.35,Australia,AU,Victoria,,263280,191440
Frankston,-38.158,145.135,Australia,AU,Victoria,,36097,36097
Devon Meadows,-38.162,145.303,Australia,AU,Victoria,,1548,1548
Longford,-38.1642,147.087,Australia,AU,Victoria,,1497,1497
Yallourn North,-38.1667,146.367,Australia,AU,Victoria,,1545,1545
Saint Leonards,-38.1667,144.7167,Australia,AU,Victoria,,2480,2480
Drysdale,-38.1667,144.5667,Australia,AU,Victoria,,4275,4275
Moe,-38.1722,146.2678,Australia,AU,Victoria,,8778,8778
Curlewis,-38.1833,144.5,Australia,AU,Victoria,,1551,1551
Langwarrin,-38.189,145.189,Australia,AU,Victoria,,1248,1248
Mount Eliza,-38.189,145.092,Australia,AU,Victoria,,17888,17888
Leopold,-38.1892,144.4644,Australia,AU,Victoria,,12814,12814
Traralgon,-38.1958,146.5403,Australia,AU,Victoria,,25485,24933
Baxter,-38.196,145.157,Australia,AU,Victoria,,2162,2162
Trafalgar,-38.2,146.15,Australia,AU,Victoria,,3912,3912
Wallington,-38.2,144.4833,Australia,AU,Victoria,,1364,1364
Yarragon,-38.2,146.067,Australia,AU,Victoria,,1650,1650
Pearcedale,-38.203,145.231,Australia,AU,Victoria,,3821,3821
Tooradin,-38.2111,145.38,Australia,AU,Victoria,,1568,1568
Somerville,-38.226,145.177,Australia,AU,Victoria,,11336,11336
Camperdown,-38.2333,143.15,Australia,AU,Victoria,,3369,3369
Morwell,-38.2333,146.4,Australia,AU,Victoria,,14026,13771
Winchelsea,-38.2333,143.9833,Australia,AU,Victoria,,1954,1954
Terang,-38.2333,142.9333,Australia,AU,Victoria,,2288,2288
Moorooduc,-38.247,145.105,Australia,AU,Victoria,,1098,1098
Barwon Heads,-38.25,144.5167,Australia,AU,Victoria,,14165,14165
Tyabb,-38.259,145.189,Australia,AU,Victoria,,3338,3338
Queenscliff,-38.2667,144.65,Australia,AU,Victoria,,1315,1315
Lang Lang,-38.2667,145.567,Australia,AU,Victoria,,1585,1585
Koroit,-38.2833,142.367,Australia,AU,Victoria,,2055,2055
Point Lonsdale,-38.2833,144.6,Australia,AU,Victoria,,2684,2684
Churchill,-38.3167,146.417,Australia,AU,Victoria,,4783,4783
Cobden,-38.3333,143.067,Australia,AU,Victoria,,1839,1839
Bellbrae,-38.3333,144.3,Australia,AU,Victoria,,3683,865
Portland,-38.3333,141.6,Australia,AU,Victoria,,10900,9712
Nyora,-38.3333,145.667,Australia,AU,Victoria,,1527,1527
Torquay,-38.3333,144.3167,Australia,AU,Victoria,,13258,13258
Dromana,-38.338,144.965,Australia,AU,Victoria,,5803,5803
Sorrento,-38.3396,144.7413,Australia,AU,Victoria,,1592,1592
Colac,-38.3403,143.5847,Australia,AU,Victoria,,12547,9048
McCrae,-38.3497,144.9281,Australia,AU,Victoria,,2823,2823
Dennington,-38.3558,142.441,Australia,AU,Victoria,,1907,1907
Crib Point,-38.363,145.202,Australia,AU,Victoria,,3183,3183
Port Fairy,-38.3667,142.2333,Australia,AU,Victoria,,3340,3340
Balnarring,-38.371,145.118,Australia,AU,Victoria,,2270,2270
Rye,-38.377,144.838,Australia,AU,Victoria,,8416,8416
Warrnambool,-38.3833,142.4833,Australia,AU,Victoria,,35214,29661
Allansford,-38.3861,142.593,Australia,AU,Victoria,,1521,1521
Somers,-38.393,145.163,Australia,AU,Victoria,,1667,1667
Mirboo North,-38.4,146.15,Australia,AU,Victoria,,2197,2197
Anglesea,-38.4064,144.1869,Australia,AU,Victoria,,2545,2545
Korumburra,-38.4333,145.8167,Australia,AU,Victoria,,4469,4469
Cowes,-38.4511,145.2419,Australia,AU,Victoria,,4839,4839
Timboon,-38.4833,142.9667,Australia,AU,Victoria,,1202,1202
Leongatha,-38.4833,145.95,Australia,AU,Victoria,,5119,5119
San Remo,-38.5167,145.3667,Australia,AU,Victoria,,1254,1254
Lorne,-38.5333,143.967,Australia,AU,Victoria,,1114,1114
Yarram,-38.55,146.6667,Australia,AU,Victoria,,2135,2135
North Wonthaggi,-38.6,145.6,Australia,AU,Victoria,,2806,2806
Wonthaggi,-38.6056,145.5917,Australia,AU,Victoria,,4965,4965
Inverloch,-38.6334,145.7278,Australia,AU,Victoria,,5437,5437
Foster,-38.65,146.2,Australia,AU,Victoria,,1842,1842
Apollo Bay,-38.75,143.65,Australia,AU,Victoria,,1598,1598
Currie,-39.9311,143.851,Australia,AU,Tasmania,minor,768,768
Smithton,-40.844,145.12,Australia,AU,Tasmania,,3881,3881
Wynyard,-41.0,145.7167,Australia,AU,Tasmania,,6001,6001
Bridport,-41.0005,147.3918,Australia,AU,Tasmania,,1568,1568
Somerset,-41.05,145.8333,Australia,AU,Tasmania,,3903,3903
Burnie,-41.0636,145.8753,Australia,AU,Tasmania,,19385,19385
George Town,-41.1,146.8167,Australia,AU,Tasmania,,4347,4347
Penguin,-41.1167,146.0708,Australia,AU,Tasmania,,3849,3849
Beauty Point,-41.1622,146.8215,Australia,AU,Tasmania,,1222,1222
Ulverstone,-41.1667,146.1667,Australia,AU,Tasmania,,14109,14109
Scottsdale,-41.1667,147.5167,Australia,AU,Tasmania,,2373,2373
Port Sorell,-41.1667,146.55,Australia,AU,Tasmania,,2022,2022
Devonport,-41.1806,146.3464,Australia,AU,Tasmania,,23046,23046
Beaconsfield,-41.2,146.8,Australia,AU,Tasmania,,1298,1298
Spreyton,-41.2167,146.35,Australia,AU,Tasmania,,1669,1669
Latrobe,-41.2464,146.4246,Australia,AU,Tasmania,,4169,4169
Saint Helens,-41.3167,148.2333,Australia,AU,Tasmania,,2070,2070
Legana,-41.3667,147.05,Australia,AU,Tasmania,,4029,4029
Sheffield,-41.3822,146.3247,Australia,AU,Tasmania,,1552,1552
Launceston,-41.4419,147.145,Australia,AU,Tasmania,,87328,87328
Hadspen,-41.5,147.067,Australia,AU,Tasmania,,2275,2275
Westbury,-41.5167,146.85,Australia,AU,Tasmania,,2006,2006
Deloraine,-41.5333,146.6667,Australia,AU,Tasmania,,2848,2848
Perth,-41.5731,147.1714,Australia,AU,Tasmania,,2965,2965
Evandale,-41.5833,147.2333,Australia,AU,Tasmania,,1345,1345
Longford,-41.5958,147.122,Australia,AU,Tasmania,,3863,3863
Cressy,-41.6833,147.083,Australia,AU,Tasmania,,1111,1111
Queenstown,-42.0667,145.55,Australia,AU,Tasmania,,1790,1790
Oatlands,-42.2996,147.3666,Australia,AU,Tasmania,,1157,1157
Bagdad,-42.6167,147.217,Australia,AU,Tasmania,,1356,1356
Richmond,-42.7336,147.4394,Australia,AU,Tasmania,,1464,1464
New Norfolk,-42.7828,147.0594,Australia,AU,Tasmania,,5432,5432
Sorell,-42.7831,147.5625,Australia,AU,Tasmania,,2907,2907
Dodges Ferry,-42.8539,147.6194,Australia,AU,Tasmania,,2467,2467
Seven Mile Beach,-42.8586,147.5053,Australia,AU,Tasmania,,1286,1286
Carlton,-42.874,147.6534,Australia,AU,Tasmania,,1119,1119
Hobart,-42.8806,147.325,Australia,AU,Tasmania,admin,240342,222356
Kingston,-42.9769,147.3083,Australia,AU,Tasmania,,10409,10409
Ranelagh,-43.0167,147.0333,Australia,AU,Tasmania,,1268,1268
Margate,-43.0294,147.2617,Australia,AU,Tasmania,,3920,3920
Huonville,-43.0333,147.0333,Australia,AU,Tasmania,,2714,2714
Snug,-43.0671,147.2556,Australia,AU,Tasmania,,1199,1199
Franklin,-43.0833,147.017,Australia,AU,Tasmania,,1094,1094
Cygnet,-43.15,147.067,Australia,AU,Tasmania,,1556,1556
Geeveston,-43.1667,146.933,Australia,AU,Tasmania,,1302,1302
